{
    "exec_time_sec": 0.040262699127197266,
    "gpu_memory_diff_MB": 0,
    "cpu_memory_diff_MB": 15.328125
}