{
    "timestamp": "2025-04-06 20:20:15",
    "model": "vgg16",
    "batch_size": 2,
    "device": "mps",
    "num_runs": 3,
    "use_half_precision": false,
    "avg_exec_time_sec": 0.5233871142069498,
    "avg_gpu_memory_diff_MB": 0.0,
    "avg_cpu_memory_diff_MB": 181.33854166666666,
    "all_runs": {
        "times_sec": [
            1.5619449615478516,
            0.0045282840728759766,
            0.0036880970001220703
        ],
        "gpu_mem_diff_MB": [
            0,
            0,
            0
        ],
        "cpu_mem_diff_MB": [
            510.046875,
            29.796875,
            4.171875
        ]
    }
}